{"states": [
   {
      "time": 1,
      "state": {
         "roads": [
            {
               "speedlimit": 120,
               "co2": 0,
               "weather": "SUNNY",
               "vehicles": ["v1"],
               "id": "r1"
            },
            {
               "speedlimit": 120,
               "co2": 0,
               "weather": "SUNNY",
               "vehicles": ["v2"],
               "id": "r2"
            },
            {
               "speedlimit": 120,
               "co2": 0,
               "weather": "SUNNY",
               "vehicles": [],
               "id": "r3"
            }
         ],
         "vehicles": [
            {
               "distance": 0,
               "road": "r1",
               "co2": 0,
               "location": 0,
               "id": "v1",
               "class": 3,
               "speed": 87,
               "status": "WAITING"
            },
            {
               "distance": 0,
               "road": "r2",
               "co2": 0,
               "location": 0,
               "id": "v2",
               "class": 0,
               "speed": 50,
               "status": "WAITING"
            }
         ],
         "junctions": [
            {
               "green": "none",
               "queues": [],
               "id": "j1"
            },
            {
               "green": "none",
               "queues": [],
               "id": "j2"
            },
            {
               "green": "r1",
               "queues": [
                  {
                     "road": "r1",
                     "vehicles": ["v1"]
                  },
                  {
                     "road": "r2",
                     "vehicles": ["v2"]
                  }
               ],
               "id": "j3"
            },
            {
               "green": "r3",
               "queues": [{
                  "road": "r3",
                  "vehicles": []
               }],
               "id": "j4"
            }
         ]
      }
   },
   {
      "time": 2,
      "state": {
         "roads": [
            {
               "speedlimit": 120,
               "co2": 0,
               "weather": "SUNNY",
               "vehicles": [],
               "id": "r1"
            },
            {
               "speedlimit": 120,
               "co2": 0,
               "weather": "SUNNY",
               "vehicles": ["v2"],
               "id": "r2"
            },
            {
               "speedlimit": 120,
               "co2": 0,
               "weather": "SUNNY",
               "vehicles": ["v1"],
               "id": "r3"
            }
         ],
         "vehicles": [
            {
               "distance": 0,
               "road": "r3",
               "co2": 0,
               "location": 0,
               "id": "v1",
               "class": 3,
               "speed": 100,
               "status": "WAITING"
            },
            {
               "distance": 0,
               "road": "r2",
               "co2": 0,
               "location": 0,
               "id": "v2",
               "class": 0,
               "speed": 0,
               "status": "WAITING"
            }
         ],
         "junctions": [
            {
               "green": "none",
               "queues": [],
               "id": "j1"
            },
            {
               "green": "none",
               "queues": [],
               "id": "j2"
            },
            {
               "green": "r1",
               "queues": [
                  {
                     "road": "r1",
                     "vehicles": []
                  },
                  {
                     "road": "r2",
                     "vehicles": ["v2"]
                  }
               ],
               "id": "j3"
            },
            {
               "green": "r3",
               "queues": [{
                  "road": "r3",
                  "vehicles": ["v1"]
               }],
               "id": "j4"
            }
         ]
      }
   },
   {
      "time": 3,
      "state": {
         "roads": [
            {
               "speedlimit": 120,
               "co2": 0,
               "weather": "SUNNY",
               "vehicles": [],
               "id": "r1"
            },
            {
               "speedlimit": 120,
               "co2": 0,
               "weather": "SUNNY",
               "vehicles": ["v2"],
               "id": "r2"
            },
            {
               "speedlimit": 120,
               "co2": 0,
               "weather": "SUNNY",
               "vehicles": [],
               "id": "r3"
            }
         ],
         "vehicles": [
            {
               "distance": 0,
               "co2": 0,
               "id": "v1",
               "class": 3,
               "speed": 0,
               "status": "ARRIVED"
            },
            {
               "distance": 0,
               "road": "r2",
               "co2": 0,
               "location": 0,
               "id": "v2",
               "class": 0,
               "speed": 0,
               "status": "WAITING"
            }
         ],
         "junctions": [
            {
               "green": "none",
               "queues": [],
               "id": "j1"
            },
            {
               "green": "none",
               "queues": [],
               "id": "j2"
            },
            {
               "green": "r1",
               "queues": [
                  {
                     "road": "r1",
                     "vehicles": []
                  },
                  {
                     "road": "r2",
                     "vehicles": ["v2"]
                  }
               ],
               "id": "j3"
            },
            {
               "green": "r3",
               "queues": [{
                  "road": "r3",
                  "vehicles": []
               }],
               "id": "j4"
            }
         ]
      }
   },
   {
      "time": 4,
      "state": {
         "roads": [
            {
               "speedlimit": 120,
               "co2": 0,
               "weather": "SUNNY",
               "vehicles": [],
               "id": "r1"
            },
            {
               "speedlimit": 120,
               "co2": 0,
               "weather": "SUNNY",
               "vehicles": ["v2"],
               "id": "r2"
            },
            {
               "speedlimit": 120,
               "co2": 0,
               "weather": "SUNNY",
               "vehicles": [],
               "id": "r3"
            }
         ],
         "vehicles": [
            {
               "distance": 0,
               "co2": 0,
               "id": "v1",
               "class": 3,
               "speed": 0,
               "status": "ARRIVED"
            },
            {
               "distance": 0,
               "road": "r2",
               "co2": 0,
               "location": 0,
               "id": "v2",
               "class": 0,
               "speed": 0,
               "status": "WAITING"
            }
         ],
         "junctions": [
            {
               "green": "none",
               "queues": [],
               "id": "j1"
            },
            {
               "green": "none",
               "queues": [],
               "id": "j2"
            },
            {
               "green": "r1",
               "queues": [
                  {
                     "road": "r1",
                     "vehicles": []
                  },
                  {
                     "road": "r2",
                     "vehicles": ["v2"]
                  }
               ],
               "id": "j3"
            },
            {
               "green": "r3",
               "queues": [{
                  "road": "r3",
                  "vehicles": []
               }],
               "id": "j4"
            }
         ]
      }
   },
   {
      "time": 5,
      "state": {
         "roads": [
            {
               "speedlimit": 120,
               "co2": 0,
               "weather": "SUNNY",
               "vehicles": [],
               "id": "r1"
            },
            {
               "speedlimit": 120,
               "co2": 0,
               "weather": "SUNNY",
               "vehicles": ["v2"],
               "id": "r2"
            },
            {
               "speedlimit": 120,
               "co2": 0,
               "weather": "SUNNY",
               "vehicles": [],
               "id": "r3"
            }
         ],
         "vehicles": [
            {
               "distance": 0,
               "co2": 0,
               "id": "v1",
               "class": 3,
               "speed": 0,
               "status": "ARRIVED"
            },
            {
               "distance": 0,
               "road": "r2",
               "co2": 0,
               "location": 0,
               "id": "v2",
               "class": 0,
               "speed": 0,
               "status": "WAITING"
            }
         ],
         "junctions": [
            {
               "green": "none",
               "queues": [],
               "id": "j1"
            },
            {
               "green": "none",
               "queues": [],
               "id": "j2"
            },
            {
               "green": "r1",
               "queues": [
                  {
                     "road": "r1",
                     "vehicles": []
                  },
                  {
                     "road": "r2",
                     "vehicles": ["v2"]
                  }
               ],
               "id": "j3"
            },
            {
               "green": "r3",
               "queues": [{
                  "road": "r3",
                  "vehicles": []
               }],
               "id": "j4"
            }
         ]
      }
   },
   {
      "time": 6,
      "state": {
         "roads": [
            {
               "speedlimit": 120,
               "co2": 0,
               "weather": "SUNNY",
               "vehicles": [],
               "id": "r1"
            },
            {
               "speedlimit": 120,
               "co2": 0,
               "weather": "SUNNY",
               "vehicles": ["v2"],
               "id": "r2"
            },
            {
               "speedlimit": 120,
               "co2": 0,
               "weather": "SUNNY",
               "vehicles": [],
               "id": "r3"
            }
         ],
         "vehicles": [
            {
               "distance": 0,
               "co2": 0,
               "id": "v1",
               "class": 3,
               "speed": 0,
               "status": "ARRIVED"
            },
            {
               "distance": 0,
               "road": "r2",
               "co2": 0,
               "location": 0,
               "id": "v2",
               "class": 0,
               "speed": 0,
               "status": "WAITING"
            }
         ],
         "junctions": [
            {
               "green": "none",
               "queues": [],
               "id": "j1"
            },
            {
               "green": "none",
               "queues": [],
               "id": "j2"
            },
            {
               "green": "r2",
               "queues": [
                  {
                     "road": "r1",
                     "vehicles": []
                  },
                  {
                     "road": "r2",
                     "vehicles": ["v2"]
                  }
               ],
               "id": "j3"
            },
            {
               "green": "r3",
               "queues": [{
                  "road": "r3",
                  "vehicles": []
               }],
               "id": "j4"
            }
         ]
      }
   },
   {
      "time": 7,
      "state": {
         "roads": [
            {
               "speedlimit": 120,
               "co2": 0,
               "weather": "SUNNY",
               "vehicles": [],
               "id": "r1"
            },
            {
               "speedlimit": 120,
               "co2": 0,
               "weather": "SUNNY",
               "vehicles": [],
               "id": "r2"
            },
            {
               "speedlimit": 120,
               "co2": 0,
               "weather": "SUNNY",
               "vehicles": ["v2"],
               "id": "r3"
            }
         ],
         "vehicles": [
            {
               "distance": 0,
               "co2": 0,
               "id": "v1",
               "class": 3,
               "speed": 0,
               "status": "ARRIVED"
            },
            {
               "distance": 0,
               "road": "r3",
               "co2": 0,
               "location": 0,
               "id": "v2",
               "class": 0,
               "speed": 50,
               "status": "WAITING"
            }
         ],
         "junctions": [
            {
               "green": "none",
               "queues": [],
               "id": "j1"
            },
            {
               "green": "none",
               "queues": [],
               "id": "j2"
            },
            {
               "green": "r2",
               "queues": [
                  {
                     "road": "r1",
                     "vehicles": []
                  },
                  {
                     "road": "r2",
                     "vehicles": []
                  }
               ],
               "id": "j3"
            },
            {
               "green": "r3",
               "queues": [{
                  "road": "r3",
                  "vehicles": ["v2"]
               }],
               "id": "j4"
            }
         ]
      }
   },
   {
      "time": 8,
      "state": {
         "roads": [
            {
               "speedlimit": 120,
               "co2": 0,
               "weather": "SUNNY",
               "vehicles": [],
               "id": "r1"
            },
            {
               "speedlimit": 120,
               "co2": 0,
               "weather": "SUNNY",
               "vehicles": [],
               "id": "r2"
            },
            {
               "speedlimit": 120,
               "co2": 0,
               "weather": "SUNNY",
               "vehicles": [],
               "id": "r3"
            }
         ],
         "vehicles": [
            {
               "distance": 0,
               "co2": 0,
               "id": "v1",
               "class": 3,
               "speed": 0,
               "status": "ARRIVED"
            },
            {
               "distance": 0,
               "co2": 0,
               "id": "v2",
               "class": 0,
               "speed": 0,
               "status": "ARRIVED"
            }
         ],
         "junctions": [
            {
               "green": "none",
               "queues": [],
               "id": "j1"
            },
            {
               "green": "none",
               "queues": [],
               "id": "j2"
            },
            {
               "green": "r2",
               "queues": [
                  {
                     "road": "r1",
                     "vehicles": []
                  },
                  {
                     "road": "r2",
                     "vehicles": []
                  }
               ],
               "id": "j3"
            },
            {
               "green": "r3",
               "queues": [{
                  "road": "r3",
                  "vehicles": []
               }],
               "id": "j4"
            }
         ]
      }
   },
   {
      "time": 9,
      "state": {
         "roads": [
            {
               "speedlimit": 120,
               "co2": 0,
               "weather": "SUNNY",
               "vehicles": [],
               "id": "r1"
            },
            {
               "speedlimit": 120,
               "co2": 0,
               "weather": "SUNNY",
               "vehicles": [],
               "id": "r2"
            },
            {
               "speedlimit": 120,
               "co2": 0,
               "weather": "SUNNY",
               "vehicles": [],
               "id": "r3"
            }
         ],
         "vehicles": [
            {
               "distance": 0,
               "co2": 0,
               "id": "v1",
               "class": 3,
               "speed": 0,
               "status": "ARRIVED"
            },
            {
               "distance": 0,
               "co2": 0,
               "id": "v2",
               "class": 0,
               "speed": 0,
               "status": "ARRIVED"
            }
         ],
         "junctions": [
            {
               "green": "none",
               "queues": [],
               "id": "j1"
            },
            {
               "green": "none",
               "queues": [],
               "id": "j2"
            },
            {
               "green": "r2",
               "queues": [
                  {
                     "road": "r1",
                     "vehicles": []
                  },
                  {
                     "road": "r2",
                     "vehicles": []
                  }
               ],
               "id": "j3"
            },
            {
               "green": "r3",
               "queues": [{
                  "road": "r3",
                  "vehicles": []
               }],
               "id": "j4"
            }
         ]
      }
   },
   {
      "time": 10,
      "state": {
         "roads": [
            {
               "speedlimit": 120,
               "co2": 0,
               "weather": "SUNNY",
               "vehicles": [],
               "id": "r1"
            },
            {
               "speedlimit": 120,
               "co2": 0,
               "weather": "SUNNY",
               "vehicles": [],
               "id": "r2"
            },
            {
               "speedlimit": 120,
               "co2": 0,
               "weather": "SUNNY",
               "vehicles": [],
               "id": "r3"
            }
         ],
         "vehicles": [
            {
               "distance": 0,
               "co2": 0,
               "id": "v1",
               "class": 3,
               "speed": 0,
               "status": "ARRIVED"
            },
            {
               "distance": 0,
               "co2": 0,
               "id": "v2",
               "class": 0,
               "speed": 0,
               "status": "ARRIVED"
            }
         ],
         "junctions": [
            {
               "green": "none",
               "queues": [],
               "id": "j1"
            },
            {
               "green": "none",
               "queues": [],
               "id": "j2"
            },
            {
               "green": "r2",
               "queues": [
                  {
                     "road": "r1",
                     "vehicles": []
                  },
                  {
                     "road": "r2",
                     "vehicles": []
                  }
               ],
               "id": "j3"
            },
            {
               "green": "r3",
               "queues": [{
                  "road": "r3",
                  "vehicles": []
               }],
               "id": "j4"
            }
         ]
      }
   }
]}
